{"cameraMode":{"drawMode":0,"name":"Shaded","section":"Shading Mode"},"sceneLighting":false,"audioPlay":false,"sceneViewState":{"showFog":true,"showMaterialUpdate":false,"showSkybox":false,"showFlares":true,"showImageEffects":true,"showParticleSystems":true},"in2DMode":false,"pivot":{"x":-0.0006894469261169434,"y":-0.02421562373638153,"z":-0.019070804119110109},"rotation":{"x":0.6577883362770081,"y":-0.005648432299494743,"z":0.004933991003781557,"w":0.7531741857528687},"size":2.340301275253296,"orthographic":true}