{"cameraMode":{"drawMode":0,"name":"Shaded","section":"Shading Mode"},"sceneLighting":true,"audioPlay":false,"sceneViewState":{"showFog":true,"showMaterialUpdate":false,"showSkybox":true,"showFlares":true,"showImageEffects":true,"showParticleSystems":true},"in2DMode":false,"pivot":{"x":-0.13513676822185517,"y":-2.9609375,"z":-0.55517578125},"rotation":{"x":0.7402295470237732,"y":0.000002452054332025,"z":0.0000017012054058795912,"w":0.6723735928535461},"size":13.857259750366211,"orthographic":true}